,emb_cos_sim,eval_lang_encoded,crosslingual,script,family,script_lr,training_script_lr,arb_Arab,cmn_Hani,deu_Latn,guj_Gujr,heb_Hebr,hin_Deva,jpn_Jpan,kaz_Cyrl,mon_Cyrl,pan_Guru,tur_Latn,urd_Arab,step_Base,step_Step1,step_Step50+sbeam8
353,0.7757003903388977,2.0,True,0.0,0.0,1.0,1.0,0,0,0,0,0,0,0,1,0,0,0,0,1.0,0.0,0.0
155,0.918406069278717,11.0,True,0.0,0.0,0.0,1.0,0,0,0,0,1,0,0,0,0,0,0,0,0.0,1.0,0.0
472,0.8677144050598145,10.0,True,0.0,0.0,1.0,0.0,0,0,0,0,0,1,0,0,0,0,0,1,1.0,0.0,0.0
453,0.8124768733978271,2.0,True,0.0,0.0,1.0,1.0,0,0,0,1,0,0,0,0,0,1,0,0,1.0,0.0,0.0
530,0.8555563688278198,15.0,True,0.0,0.0,1.0,1.0,0,0,1,0,0,0,0,0,0,0,1,0,1.0,0.0,0.0
28,0.9254744648933412,5.0,True,0.0,1.0,1.0,0.0,0,0,0,0,0,0,0,0,0,0,1,1,0.0,0.0,1.0
500,0.893114447593689,3.0,True,0.0,0.0,1.0,1.0,0,0,0,0,0,0,1,0,0,0,0,0,1.0,0.0,0.0
152,0.882125735282898,10.0,True,0.0,0.0,0.0,1.0,0,0,0,0,1,0,0,0,0,0,0,0,0.0,1.0,0.0
495,0.8940920829772949,11.0,True,0.0,0.0,1.0,1.0,0,0,0,0,0,0,0,1,0,1,0,0,1.0,0.0,0.0
379,0.7536292672157288,4.0,True,0.0,0.0,1.0,1.0,0,0,0,0,0,1,0,0,0,1,0,0,1.0,0.0,0.0
46,0.8907631039619446,7.0,True,0.0,1.0,1.0,0.0,0,0,0,1,0,0,0,0,0,0,0,1,0.0,0.0,1.0
228,0.9055501222610474,5.0,True,0.0,1.0,1.0,1.0,0,0,0,0,0,1,0,0,0,0,0,0,0.0,0.0,1.0
258,0.8901700973510742,12.0,True,1.0,0.0,1.0,1.0,0,0,0,0,0,0,0,0,1,0,0,0,1.0,0.0,0.0
299,0.8608736991882324,4.0,True,0.0,0.0,1.0,1.0,0,0,0,0,0,1,0,1,0,0,0,0,1.0,0.0,0.0
271,0.8948584794998169,17.0,True,0.0,1.0,1.0,1.0,0,0,0,1,0,0,0,1,0,0,0,0,1.0,0.0,0.0
508,0.8747305870056152,5.0,True,0.0,0.0,1.0,1.0,0,0,0,0,0,0,1,0,0,0,0,0,1.0,0.0,0.0
387,0.9735403656959534,18.0,True,1.0,0.0,1.0,1.0,1,0,0,0,1,0,0,0,0,0,0,0,0.0,0.0,1.0
445,0.891653299331665,13.0,True,0.0,0.0,1.0,1.0,0,0,0,1,0,0,0,0,0,1,0,0,0.0,0.0,1.0
266,0.8827178478240967,7.0,True,0.0,1.0,1.0,1.0,0,0,0,1,0,0,0,1,0,0,0,0,1.0,0.0,0.0
479,0.8601582050323486,4.0,True,0.0,0.0,1.0,0.0,0,0,0,0,0,1,0,0,0,0,0,1,1.0,0.0,0.0
24,0.8634952306747437,0.0,True,0.0,0.0,1.0,0.0,0,0,0,0,0,0,0,0,0,0,1,1,0.0,0.0,1.0
348,0.926669716835022,5.0,True,0.0,0.0,1.0,1.0,0,0,0,0,0,0,0,1,0,0,0,0,0.0,0.0,1.0
52,0.8994652032852173,10.0,True,0.0,0.0,1.0,0.0,0,0,0,1,0,0,0,0,0,0,0,1,0.0,0.0,1.0
35,0.8898313045501709,11.0,True,0.0,0.0,1.0,0.0,0,0,0,0,0,0,0,0,0,0,1,1,1.0,0.0,0.0
125,0.9020161628723145,13.0,True,1.0,0.0,1.0,1.0,0,0,0,1,0,0,0,0,0,0,1,0,1.0,0.0,0.0
402,0.8830952644348145,6.0,True,0.0,0.0,0.0,1.0,0,0,0,1,0,0,0,0,0,0,0,0,1.0,0.0,0.0
325,0.882786750793457,13.0,True,0.0,0.0,0.0,1.0,0,0,0,0,0,0,0,0,0,0,0,1,0.0,0.0,1.0
210,0.834291398525238,15.0,True,0.0,0.0,1.0,1.0,0,0,0,0,0,0,0,0,0,0,1,0,1.0,0.0,0.0
147,0.8950209021568298,18.0,True,0.0,0.0,1.0,1.0,0,0,0,0,1,0,0,0,0,0,0,0,0.0,0.0,1.0
65,0.9043518900871276,13.0,True,0.0,1.0,0.0,1.0,1,0,0,0,1,0,0,0,0,0,0,0,0.0,0.0,1.0
200,0.9172730445861816,3.0,True,1.0,0.0,1.0,1.0,0,0,0,0,0,0,0,0,0,0,1,0,1.0,0.0,0.0
26,0.9424554705619812,7.0,True,0.0,1.0,1.0,0.0,0,0,0,0,0,0,0,0,0,0,1,1,0.0,0.0,1.0
19,0.882253885269165,4.0,True,0.0,0.0,1.0,1.0,0,1,0,0,0,0,1,0,0,0,0,0,0.0,0.0,1.0
198,0.8149369359016418,12.0,True,0.0,0.0,1.0,1.0,0,0,1,0,0,0,0,0,0,0,0,0,1.0,0.0,0.0
74,0.8500383496284485,9.0,True,0.0,0.0,0.0,1.0,1,0,0,0,1,0,0,0,0,0,0,0,1.0,0.0,0.0
284,0.842049241065979,0.0,True,0.0,0.0,1.0,1.0,0,0,0,0,0,1,0,1,0,0,0,0,0.0,0.0,1.0
194,0.8322997093200684,9.0,True,0.0,0.0,1.0,1.0,0,0,1,0,0,0,0,0,0,0,0,0,1.0,0.0,0.0
104,0.8645073771476746,0.0,True,0.0,0.0,1.0,1.0,0,0,0,0,0,0,0,1,0,0,1,0,0.0,0.0,1.0
345,0.9090609550476074,13.0,True,0.0,0.0,1.0,1.0,0,0,0,0,0,0,0,1,0,0,0,0,0.0,0.0,1.0
417,0.8639329671859741,8.0,True,0.0,0.0,1.0,1.0,0,0,0,1,0,0,0,0,0,0,0,0,1.0,0.0,0.0
25,0.8899776339530945,13.0,True,1.0,0.0,1.0,0.0,0,0,0,0,0,0,0,0,0,0,1,1,0.0,0.0,1.0
230,0.8815245032310486,15.0,True,0.0,1.0,1.0,1.0,0,0,0,0,0,1,0,0,0,0,0,0,0.0,0.0,1.0
376,0.92527174949646,14.0,True,0.0,0.0,1.0,1.0,0,0,0,0,0,1,0,0,0,1,0,0,1.0,0.0,0.0
334,0.8765137195587158,9.0,True,0.0,0.0,0.0,1.0,0,0,0,0,0,0,0,0,0,0,0,1,0.0,0.0,1.0
5,0.8905705213546753,13.0,True,0.0,0.0,1.0,1.0,0,1,0,0,0,0,1,0,0,0,0,0,1.0,0.0,0.0
129,0.9366812705993652,16.0,True,0.0,1.0,1.0,1.0,0,0,0,1,0,0,0,0,0,0,1,0,1.0,0.0,0.0
51,0.8537047505378723,17.0,True,0.0,0.0,1.0,0.0,0,0,0,1,0,0,0,0,0,0,0,1,0.0,0.0,1.0
18,0.8598434329032898,12.0,True,0.0,0.0,1.0,1.0,0,1,0,0,0,0,1,0,0,0,0,0,0.0,0.0,1.0
493,0.7932111024856567,2.0,True,0.0,0.0,1.0,1.0,0,0,0,0,0,0,0,1,0,1,0,0,1.0,0.0,0.0
435,0.9113109707832336,11.0,True,0.0,0.0,1.0,1.0,0,0,0,0,0,0,0,0,0,1,1,0,1.0,0.0,0.0
3,0.8598607182502747,1.0,True,0.0,0.0,0.0,1.0,0,1,0,0,0,0,1,0,0,0,0,0,1.0,0.0,0.0
371,0.8712185025215149,17.0,True,0.0,0.0,1.0,1.0,0,0,0,0,0,1,0,0,0,1,0,0,1.0,0.0,0.0
485,0.9152392148971558,13.0,True,0.0,0.0,1.0,1.0,0,0,0,0,0,0,0,1,0,1,0,0,1.0,0.0,0.0
68,0.8780272006988525,5.0,True,0.0,0.0,0.0,1.0,1,0,0,0,1,0,0,0,0,0,0,0,1.0,0.0,0.0
122,0.8894327878952026,6.0,True,0.0,0.0,0.0,1.0,0,0,0,1,0,0,0,0,0,0,1,0,1.0,0.0,0.0
498,0.930300772190094,12.0,True,1.0,0.0,1.0,1.0,0,0,0,0,0,0,0,1,0,1,0,0,1.0,0.0,0.0
328,0.8961573243141174,5.0,True,0.0,1.0,0.0,1.0,0,0,0,0,0,0,0,0,0,0,0,1,0.0,1.0,0.0
33,0.8356317281723022,2.0,True,0.0,0.0,1.0,0.0,0,0,0,0,0,0,0,0,0,0,1,1,1.0,0.0,0.0
193,0.8142430186271667,2.0,True,0.0,0.0,1.0,1.0,0,0,1,0,0,0,0,0,0,0,0,0,1.0,0.0,0.0
245,0.8817697167396545,13.0,True,0.0,0.0,1.0,1.0,0,0,0,0,0,0,0,0,1,0,0,0,0.0,1.0,0.0
29,0.9145556688308716,16.0,True,0.0,1.0,1.0,0.0,0,0,0,0,0,0,0,0,0,0,1,1,0.0,0.0,1.0
7,0.875221848487854,18.0,True,0.0,0.0,0.0,1.0,0,1,0,0,0,0,1,0,0,0,0,0,1.0,0.0,0.0
483,0.8512002229690552,1.0,True,0.0,0.0,0.0,1.0,0,0,0,0,0,0,0,1,0,1,0,0,1.0,0.0,0.0
120,0.9485607147216796,3.0,True,1.0,0.0,1.0,1.0,0,0,0,1,0,0,0,0,0,0,1,0,0.0,0.0,1.0
41,0.8642258644104004,19.0,True,0.0,0.0,1.0,0.0,0,0,0,1,0,0,0,0,0,0,0,1,0.0,0.0,1.0
174,0.8650195598602295,9.0,True,0.0,0.0,1.0,1.0,0,0,0,0,0,1,0,0,0,0,1,0,0.0,0.0,1.0
497,0.9066080451011658,8.0,True,0.0,0.0,1.0,1.0,0,0,0,0,0,0,0,1,0,1,0,0,1.0,0.0,0.0
132,0.8772497177124023,10.0,True,0.0,1.0,1.0,1.0,0,0,0,1,0,0,0,0,0,0,1,0,1.0,0.0,0.0
126,0.93418687582016,7.0,True,0.0,1.0,1.0,1.0,0,0,0,1,0,0,0,0,0,0,1,0,1.0,0.0,0.0
247,0.8967947959899902,18.0,True,0.0,0.0,0.0,1.0,0,0,0,0,0,0,0,0,1,0,0,0,0.0,1.0,0.0
190,0.8195558786392212,15.0,True,0.0,0.0,1.0,1.0,0,0,1,0,0,0,0,0,0,0,0,0,0.0,0.0,1.0
159,0.8801410794258118,4.0,True,0.0,0.0,0.0,1.0,0,0,0,0,1,0,0,0,0,0,0,0,0.0,1.0,0.0
394,0.8963925838470459,9.0,True,0.0,0.0,0.0,1.0,1,0,0,0,1,0,0,0,0,0,0,0,0.0,0.0,1.0
515,0.91973876953125,11.0,True,0.0,1.0,1.0,1.0,0,0,0,0,0,0,1,0,0,0,0,0,1.0,0.0,0.0
203,0.8499484062194824,1.0,True,0.0,0.0,0.0,1.0,0,0,0,0,0,0,0,0,0,0,1,0,1.0,0.0,0.0
222,0.875946581363678,6.0,True,0.0,0.0,0.0,1.0,0,0,0,0,0,1,0,0,0,0,0,0,0.0,0.0,1.0
455,0.902656078338623,11.0,True,0.0,0.0,1.0,1.0,0,0,0,1,0,0,0,0,0,1,0,0,1.0,0.0,0.0
475,0.8978493213653564,11.0,True,0.0,0.0,1.0,0.0,0,0,0,0,0,1,0,0,0,0,0,1,1.0,0.0,0.0
156,0.893692135810852,14.0,True,0.0,0.0,0.0,1.0,0,0,0,0,1,0,0,0,0,0,0,0,0.0,1.0,0.0
390,0.8998717665672302,15.0,True,0.0,0.0,0.0,1.0,1,0,0,0,1,0,0,0,0,0,0,0,0.0,0.0,1.0
75,0.922899842262268,11.0,True,0.0,0.0,0.0,1.0,1,0,0,0,1,0,0,0,0,0,0,0,1.0,0.0,0.0
218,0.9000412225723267,12.0,True,0.0,0.0,1.0,1.0,0,0,0,0,0,0,0,0,0,0,1,0,1.0,0.0,0.0
186,0.8738921284675598,7.0,True,0.0,0.0,1.0,1.0,0,0,1,0,0,0,0,0,0,0,0,0,1.0,0.0,0.0
400,0.8603860139846802,3.0,True,0.0,0.0,1.0,1.0,0,0,0,1,0,0,0,0,0,0,0,0,0.0,1.0,0.0
437,0.9023882150650024,8.0,True,1.0,0.0,1.0,1.0,0,0,0,0,0,0,0,0,0,1,1,0,1.0,0.0,0.0
254,0.8826624751091003,9.0,True,0.0,1.0,1.0,1.0,0,0,0,0,0,0,0,0,1,0,0,0,0.0,1.0,0.0
121,0.9228360652923584,19.0,True,0.0,0.0,0.0,1.0,0,0,0,1,0,0,0,0,0,0,1,0,0.0,1.0,0.0
518,0.8534107208251953,12.0,True,0.0,0.0,1.0,1.0,0,0,0,0,0,0,1,0,0,0,0,0,1.0,0.0,0.0
160,0.9430407285690308,3.0,True,1.0,0.0,1.0,1.0,0,0,0,0,0,1,0,0,0,0,1,0,0.0,1.0,0.0
496,0.945859432220459,14.0,True,1.0,0.0,1.0,1.0,0,0,0,0,0,0,0,1,0,1,0,0,1.0,0.0,0.0
168,0.9141739010810852,5.0,True,0.0,1.0,1.0,1.0,0,0,0,0,0,1,0,0,0,0,1,0,0.0,1.0,0.0
276,0.9259122014045716,14.0,True,1.0,0.0,1.0,1.0,0,0,0,1,0,0,0,1,0,0,0,0,0.0,0.0,1.0
238,0.8513396382331848,12.0,True,0.0,0.0,1.0,1.0,0,0,0,0,0,1,0,0,0,0,0,0,0.0,1.0,0.0
93,0.8667217493057251,2.0,True,0.0,0.0,1.0,1.0,0,0,0,1,0,1,0,0,0,0,0,0,0.0,0.0,1.0
322,0.8892161846160889,6.0,True,0.0,0.0,1.0,1.0,0,0,0,0,0,0,0,0,0,0,0,1,0.0,0.0,1.0
183,0.8545173406600952,1.0,True,0.0,0.0,0.0,1.0,0,0,1,0,0,0,0,0,0,0,0,0,1.0,0.0,0.0
270,0.9312787055969238,15.0,True,0.0,1.0,1.0,1.0,0,0,0,1,0,0,0,1,0,0,0,0,1.0,0.0,0.0
248,0.9274631142616272,5.0,True,0.0,0.0,1.0,1.0,0,0,0,0,0,0,0,0,1,0,0,0,0.0,1.0,0.0
82,0.8623444437980652,6.0,True,0.0,0.0,0.0,1.0,0,0,0,1,0,1,0,0,0,0,0,0,1.0,0.0,0.0
434,0.8291612863540649,9.0,True,0.0,0.0,1.0,1.0,0,0,0,0,0,0,0,0,0,1,1,0,1.0,0.0,0.0
290,0.8935856819152832,15.0,True,0.0,1.0,1.0,1.0,0,0,0,0,0,1,0,1,0,0,0,0,0.0,0.0,1.0
259,0.8673252463340759,4.0,True,0.0,0.0,1.0,1.0,0,0,0,0,0,0,0,0,1,0,0,0,1.0,0.0,0.0
133,0.8535017967224121,2.0,True,0.0,0.0,1.0,1.0,0,0,0,1,0,0,0,0,0,0,1,0,1.0,0.0,0.0
302,0.8735070824623108,6.0,True,0.0,1.0,1.0,1.0,1,0,0,0,0,0,0,0,0,0,0,0,1.0,0.0,0.0
320,0.8635115623474121,3.0,True,0.0,0.0,0.0,1.0,0,0,0,0,0,0,0,0,0,0,0,1,0.0,0.0,1.0
480,0.9121174216270448,3.0,True,0.0,0.0,1.0,1.0,0,0,0,0,0,0,0,1,0,1,0,0,1.0,0.0,0.0
377,0.8491249680519104,8.0,True,0.0,0.0,1.0,1.0,0,0,0,0,0,1,0,0,0,1,0,0,1.0,0.0,0.0
381,0.8888028860092163,19.0,True,1.0,0.0,1.0,1.0,1,0,0,0,1,0,0,0,0,0,0,0,1.0,0.0,0.0
265,0.8952261209487915,13.0,True,0.0,0.0,1.0,1.0,0,0,0,1,0,0,0,1,0,0,0,0,1.0,0.0,0.0
242,0.8367737531661987,6.0,True,0.0,0.0,0.0,1.0,0,0,0,0,0,0,0,0,1,0,0,0,0.0,1.0,0.0
407,0.9040297865867616,18.0,True,0.0,1.0,0.0,1.0,0,0,0,1,0,0,0,0,0,0,0,0,1.0,0.0,0.0
441,0.9070823192596436,19.0,True,0.0,0.0,0.0,1.0,0,0,0,1,0,0,0,0,0,1,0,0,0.0,0.0,1.0
40,0.8859659433364868,3.0,True,0.0,0.0,1.0,0.0,0,0,0,1,0,0,0,0,0,0,0,1,0.0,0.0,1.0
215,0.9217569828033448,11.0,True,0.0,0.0,1.0,1.0,0,0,0,0,0,0,0,0,0,0,1,0,1.0,0.0,0.0
154,0.8730247616767883,9.0,True,0.0,0.0,0.0,1.0,0,0,0,0,1,0,0,0,0,0,0,0,0.0,1.0,0.0
389,0.9091222286224364,16.0,True,0.0,0.0,0.0,1.0,1,0,0,0,1,0,0,0,0,0,0,0,0.0,0.0,1.0
447,0.9141577482223512,18.0,True,0.0,1.0,0.0,1.0,0,0,0,1,0,0,0,0,0,1,0,0,0.0,0.0,1.0
306,0.828836977481842,7.0,True,0.0,0.0,0.0,1.0,1,0,0,0,0,0,0,0,0,0,0,0,1.0,0.0,0.0
307,0.9080286026000975,18.0,True,1.0,0.0,1.0,1.0,1,0,0,0,0,0,0,0,0,0,0,0,1.0,0.0,0.0
67,0.9163345694541932,18.0,True,1.0,0.0,1.0,1.0,1,0,0,0,1,0,0,0,0,0,0,0,0.0,1.0,0.0
123,0.8777481317520142,1.0,True,0.0,0.0,0.0,1.0,0,0,0,1,0,0,0,0,0,0,1,0,1.0,0.0,0.0
313,0.795185923576355,2.0,True,0.0,0.0,0.0,1.0,1,0,0,0,0,0,0,0,0,0,0,0,0.0,0.0,1.0
444,0.8659998178482056,0.0,True,0.0,0.0,1.0,1.0,0,0,0,1,0,0,0,0,0,1,0,0,0.0,0.0,1.0
6,0.8870844841003418,7.0,True,0.0,0.0,1.0,1.0,0,1,0,0,0,0,1,0,0,0,0,0,1.0,0.0,0.0
385,0.9000571966171265,13.0,True,0.0,1.0,0.0,1.0,1,0,0,0,1,0,0,0,0,0,0,0,1.0,0.0,0.0
460,0.8858552575111389,3.0,True,0.0,0.0,1.0,0.0,0,0,0,0,0,1,0,0,0,0,0,1,1.0,0.0,0.0
360,0.8816745281219482,3.0,True,0.0,0.0,1.0,1.0,0,0,0,0,0,1,0,0,0,1,0,0,1.0,0.0,0.0
175,0.8972665071487427,11.0,True,0.0,0.0,1.0,1.0,0,0,0,0,0,1,0,0,0,0,1,0,0.0,0.0,1.0
165,0.9064995646476746,13.0,True,1.0,0.0,1.0,1.0,0,0,0,0,0,1,0,0,0,0,1,0,0.0,0.0,1.0
195,0.8701683878898621,11.0,True,0.0,0.0,1.0,1.0,0,0,1,0,0,0,0,0,0,0,0,0,1.0,0.0,0.0
419,0.8496907353401184,4.0,True,0.0,0.0,1.0,1.0,0,0,0,1,0,0,0,0,0,0,0,0,1.0,0.0,0.0
202,0.8860068321228027,6.0,True,0.0,0.0,0.0,1.0,0,0,0,0,0,0,0,0,0,0,1,0,1.0,0.0,0.0
304,0.7977019548416138,0.0,True,0.0,1.0,0.0,1.0,1,0,0,0,0,0,0,0,0,0,0,0,1.0,0.0,0.0
10,0.8554432392120361,15.0,True,0.0,0.0,1.0,1.0,0,1,0,0,0,0,1,0,0,0,0,0,1.0,0.0,0.0
405,0.8933269381523132,13.0,True,0.0,0.0,1.0,1.0,0,0,0,1,0,0,0,0,0,0,0,0,1.0,0.0,0.0
115,0.9313202500343324,11.0,True,0.0,0.0,1.0,1.0,0,0,0,0,0,0,0,1,0,0,1,0,0.0,0.0,1.0
91,0.8553341031074524,17.0,True,0.0,0.0,1.0,1.0,0,0,0,1,0,1,0,0,0,0,0,0,0.0,0.0,1.0
42,0.9022382497787476,6.0,True,0.0,0.0,1.0,0.0,0,0,0,1,0,0,0,0,0,0,0,1,0.0,0.0,1.0
443,0.8658332228660583,1.0,True,0.0,0.0,0.0,1.0,0,0,0,1,0,0,0,0,0,1,0,0,0.0,0.0,1.0
185,0.9149786233901978,13.0,True,1.0,0.0,1.0,1.0,0,0,1,0,0,0,0,0,0,0,0,0,1.0,0.0,0.0
517,0.8755873441696167,8.0,True,0.0,0.0,1.0,1.0,0,0,0,0,0,0,1,0,0,0,0,0,1.0,0.0,0.0
317,0.8678378462791443,8.0,True,0.0,0.0,0.0,1.0,1,0,0,0,0,0,0,0,0,0,0,0,0.0,0.0,1.0
399,0.8785260915756226,4.0,True,0.0,0.0,0.0,1.0,1,0,0,0,1,0,0,0,0,0,0,0,0.0,0.0,1.0
217,0.9176788926124572,8.0,True,1.0,0.0,1.0,1.0,0,0,0,0,0,0,0,0,0,0,1,0,1.0,0.0,0.0
386,0.906741976737976,7.0,True,0.0,0.0,0.0,1.0,1,0,0,0,1,0,0,0,0,0,0,0,1.0,0.0,0.0
273,0.7751176953315735,2.0,True,0.0,0.0,1.0,1.0,0,0,0,1,0,0,0,1,0,0,0,0,1.0,0.0,0.0
269,0.9389405846595764,16.0,True,0.0,1.0,1.0,1.0,0,0,0,1,0,0,0,1,0,0,0,0,1.0,0.0,0.0
213,0.8622866272926331,2.0,True,0.0,0.0,1.0,1.0,0,0,0,0,0,0,0,0,0,0,1,0,1.0,0.0,0.0
99,0.8474990129470825,4.0,True,0.0,0.0,1.0,1.0,0,0,0,1,0,1,0,0,0,0,0,0,0.0,0.0,1.0
161,0.8534597754478455,19.0,True,0.0,0.0,0.0,1.0,0,0,0,0,0,1,0,0,0,0,1,0,0.0,1.0,0.0
181,0.8688660860061646,19.0,True,0.0,1.0,0.0,1.0,0,0,1,0,0,0,0,0,0,0,0,0,0.0,0.0,1.0
278,0.9200782775878906,12.0,True,1.0,0.0,1.0,1.0,0,0,0,1,0,0,0,1,0,0,0,0,0.0,0.0,1.0
162,0.9153715372085572,6.0,True,0.0,0.0,0.0,1.0,0,0,0,0,0,1,0,0,0,0,1,0,0.0,1.0,0.0
2,0.887262225151062,6.0,True,0.0,0.0,0.0,1.0,0,1,0,0,0,0,1,0,0,0,0,0,1.0,0.0,0.0
102,0.8919177055358887,6.0,True,0.0,0.0,0.0,1.0,0,0,0,0,0,0,0,1,0,0,1,0,0.0,0.0,1.0
425,0.9007192850112915,13.0,True,1.0,0.0,1.0,1.0,0,0,0,0,0,0,0,0,0,1,1,0,1.0,0.0,0.0
77,0.8853026628494263,8.0,True,0.0,0.0,0.0,1.0,1,0,0,0,1,0,0,0,0,0,0,0,1.0,0.0,0.0
332,0.8724527359008789,10.0,True,0.0,0.0,0.0,1.0,0,0,0,0,0,0,0,0,0,0,0,1,0.0,0.0,1.0
137,0.9010167121887208,8.0,True,1.0,0.0,1.0,1.0,0,0,0,1,0,0,0,0,0,0,1,0,1.0,0.0,0.0
393,0.9077728986740112,2.0,True,0.0,0.0,0.0,1.0,1,0,0,0,1,0,0,0,0,0,0,0,0.0,0.0,1.0
106,0.8482033014297485,7.0,True,0.0,0.0,1.0,1.0,0,0,0,0,0,0,0,1,0,0,1,0,0.0,0.0,1.0
158,0.855231523513794,12.0,True,0.0,0.0,0.0,1.0,0,0,0,0,1,0,0,0,0,0,0,0,0.0,1.0,0.0
260,0.9085533618927002,3.0,True,0.0,0.0,1.0,1.0,0,0,0,1,0,0,0,1,0,0,0,0,1.0,0.0,0.0
293,0.8819199204444885,2.0,True,0.0,0.0,1.0,1.0,0,0,0,0,0,1,0,1,0,0,0,0,0.0,1.0,0.0
107,0.8498919010162354,18.0,True,0.0,0.0,0.0,1.0,0,0,0,0,0,0,0,1,0,0,1,0,0.0,0.0,1.0
406,0.9034240245819092,7.0,True,0.0,1.0,1.0,1.0,0,0,0,1,0,0,0,0,0,0,0,0,1.0,0.0,0.0
136,0.8966662287712097,14.0,True,0.0,0.0,1.0,1.0,0,0,0,1,0,0,0,0,0,0,1,0,1.0,0.0,0.0
201,0.8690192699432373,19.0,True,0.0,0.0,0.0,1.0,0,0,0,0,0,0,0,0,0,0,1,0,1.0,0.0,0.0
221,0.8807754516601562,19.0,True,0.0,0.0,0.0,1.0,0,0,0,0,0,1,0,0,0,0,0,0,0.0,0.0,1.0
267,0.8941165208816528,18.0,True,0.0,1.0,0.0,1.0,0,0,0,1,0,0,0,1,0,0,0,0,1.0,0.0,0.0
416,0.9224302172660828,14.0,True,0.0,0.0,1.0,1.0,0,0,0,1,0,0,0,0,0,0,0,0,1.0,0.0,0.0
504,0.848824143409729,0.0,True,0.0,0.0,1.0,1.0,0,0,0,0,0,0,1,0,0,0,0,0,1.0,0.0,0.0
410,0.9359499216079712,15.0,True,0.0,1.0,1.0,1.0,0,0,0,1,0,0,0,0,0,0,0,0,1.0,0.0,0.0
427,0.919367253780365,18.0,True,0.0,1.0,0.0,1.0,0,0,0,0,0,0,0,0,0,1,1,0,1.0,0.0,0.0
421,0.8464511632919312,19.0,True,0.0,0.0,0.0,1.0,0,0,0,0,0,0,0,0,0,1,1,0,1.0,0.0,0.0
451,0.8584739565849304,17.0,True,0.0,0.0,1.0,1.0,0,0,0,1,0,0,0,0,0,1,0,0,0.0,1.0,0.0
139,0.9052780866622924,4.0,True,1.0,0.0,1.0,1.0,0,0,0,1,0,0,0,0,0,0,1,0,1.0,0.0,0.0
323,0.9134105443954468,1.0,True,1.0,0.0,1.0,1.0,0,0,0,0,0,0,0,0,0,0,0,1,0.0,0.0,1.0
243,0.8879982829093933,1.0,True,0.0,0.0,0.0,1.0,0,0,0,0,0,0,0,0,1,0,0,0,0.0,1.0,0.0
446,0.9191535711288452,7.0,True,0.0,1.0,1.0,1.0,0,0,0,1,0,0,0,0,0,1,0,0,0.0,0.0,1.0
239,0.8455091118812561,4.0,True,0.0,0.0,1.0,1.0,0,0,0,0,0,1,0,0,0,0,0,0,0.0,0.0,1.0
144,0.8683450818061829,0.0,True,0.0,1.0,0.0,1.0,0,0,0,0,1,0,0,0,0,0,0,0,1.0,0.0,0.0
505,0.8937062621116638,13.0,True,0.0,0.0,1.0,1.0,0,0,0,0,0,0,1,0,0,0,0,0,1.0,0.0,0.0
310,0.8240197896957397,15.0,True,0.0,0.0,0.0,1.0,1,0,0,0,0,0,0,0,0,0,0,0,1.0,0.0,0.0
350,0.8533170819282532,15.0,True,0.0,0.0,1.0,1.0,0,0,0,0,0,0,0,1,0,0,0,0,1.0,0.0,0.0
401,0.9107693433761596,19.0,True,0.0,0.0,0.0,1.0,0,0,0,1,0,0,0,0,0,0,0,0,1.0,0.0,0.0
312,0.8275094032287598,10.0,True,0.0,0.0,0.0,1.0,1,0,0,0,0,0,0,0,0,0,0,0,1.0,0.0,0.0
529,0.8733810186386108,16.0,True,0.0,0.0,1.0,1.0,0,0,1,0,0,0,0,0,0,0,1,0,1.0,0.0,0.0
315,0.8454223871231079,11.0,True,0.0,0.0,0.0,1.0,1,0,0,0,0,0,0,0,0,0,0,0,0.0,0.0,1.0
452,0.8867422938346863,10.0,True,0.0,0.0,1.0,1.0,0,0,0,1,0,0,0,0,0,1,0,0,1.0,0.0,0.0
362,0.8481546640396118,6.0,True,0.0,0.0,0.0,1.0,0,0,0,0,0,1,0,0,0,1,0,0,1.0,0.0,0.0
124,0.8519910573959351,0.0,True,0.0,0.0,1.0,1.0,0,0,0,1,0,0,0,0,0,0,1,0,1.0,0.0,0.0
197,0.8823477625846863,8.0,True,1.0,0.0,1.0,1.0,0,0,1,0,0,0,0,0,0,0,0,0,1.0,0.0,0.0
329,0.910892128944397,16.0,True,0.0,1.0,0.0,1.0,0,0,0,0,0,0,0,0,0,0,0,1,0.0,1.0,0.0
361,0.8510162830352783,19.0,True,0.0,0.0,0.0,1.0,0,0,0,0,0,1,0,0,0,1,0,0,1.0,0.0,0.0
351,0.8700727224349976,17.0,True,0.0,1.0,1.0,1.0,0,0,0,0,0,0,0,1,0,0,0,0,1.0,0.0,0.0
511,0.8514343500137329,17.0,True,0.0,0.0,1.0,1.0,0,0,0,0,0,0,1,0,0,0,0,0,1.0,0.0,0.0
384,0.8543691635131836,0.0,True,0.0,1.0,0.0,1.0,1,0,0,0,1,0,0,0,0,0,0,0,1.0,0.0,0.0
253,0.878667950630188,2.0,True,0.0,1.0,1.0,1.0,0,0,0,0,0,0,0,0,1,0,0,0,0.0,1.0,0.0
477,0.8764429092407227,8.0,True,0.0,0.0,1.0,0.0,0,0,0,0,0,1,0,0,0,0,0,1,1.0,0.0,0.0
182,0.903339982032776,6.0,True,0.0,0.0,0.0,1.0,0,0,1,0,0,0,0,0,0,0,0,0,1.0,0.0,0.0
151,0.8703505396842957,17.0,True,0.0,0.0,0.0,1.0,0,0,0,0,1,0,0,0,0,0,0,0,0.0,1.0,0.0
216,0.8920397758483887,14.0,True,0.0,0.0,1.0,1.0,0,0,0,0,0,0,0,0,0,0,1,0,1.0,0.0,0.0
281,0.9037367105484008,19.0,True,0.0,0.0,0.0,1.0,0,0,0,0,0,1,0,1,0,0,0,0,0.0,0.0,1.0
252,0.951676905155182,10.0,True,1.0,0.0,1.0,1.0,0,0,0,0,0,0,0,0,1,0,0,0,0.0,1.0,0.0
127,0.9162660241127014,18.0,True,0.0,1.0,0.0,1.0,0,0,0,1,0,0,0,0,0,0,1,0,1.0,0.0,0.0
134,0.8789825439453125,9.0,True,0.0,0.0,1.0,1.0,0,0,0,1,0,0,0,0,0,0,1,0,1.0,0.0,0.0
372,0.8790918588638306,10.0,True,0.0,0.0,1.0,1.0,0,0,0,0,0,1,0,0,0,1,0,0,1.0,0.0,0.0
244,0.8646649122238159,0.0,True,0.0,0.0,1.0,1.0,0,0,0,0,0,0,0,0,1,0,0,0,0.0,1.0,0.0
428,0.948326826095581,5.0,True,0.0,1.0,1.0,1.0,0,0,0,0,0,0,0,0,0,1,1,0,1.0,0.0,0.0
359,0.8368062973022461,4.0,True,0.0,0.0,1.0,1.0,0,0,0,0,0,0,0,1,0,0,0,0,1.0,0.0,0.0
141,0.9359233379364014,19.0,True,1.0,0.0,1.0,1.0,0,0,0,0,1,0,0,0,0,0,0,0,1.0,0.0,0.0
311,0.8588330745697021,17.0,True,0.0,0.0,0.0,1.0,1,0,0,0,0,0,0,0,0,0,0,0,1.0,0.0,0.0
439,0.8933674097061157,4.0,True,1.0,0.0,1.0,1.0,0,0,0,0,0,0,0,0,0,1,1,0,1.0,0.0,0.0
119,0.887298583984375,4.0,True,1.0,0.0,1.0,1.0,0,0,0,0,0,0,0,1,0,0,1,0,0.0,0.0,1.0
501,0.8655405044555664,19.0,True,0.0,0.0,0.0,1.0,0,0,0,0,0,0,1,0,0,0,0,0,1.0,0.0,0.0
347,0.8639367818832397,18.0,True,0.0,0.0,0.0,1.0,0,0,0,0,0,0,0,1,0,0,0,0,0.0,0.0,1.0
148,0.892587423324585,5.0,True,0.0,0.0,0.0,1.0,0,0,0,0,1,0,0,0,0,0,0,0,0.0,0.0,1.0
388,0.8960202932357788,5.0,True,0.0,0.0,0.0,1.0,1,0,0,0,1,0,0,0,0,0,0,0,0.0,0.0,1.0
50,0.9409844279289246,15.0,True,0.0,1.0,1.0,0.0,0,0,0,1,0,0,0,0,0,0,0,1,0.0,0.0,1.0
489,0.9224931001663208,16.0,True,0.0,1.0,1.0,1.0,0,0,0,0,0,0,0,1,0,1,0,0,1.0,0.0,0.0
73,0.8316807150840759,2.0,True,0.0,0.0,0.0,1.0,1,0,0,0,1,0,0,0,0,0,0,0,1.0,0.0,0.0
309,0.8378876447677612,16.0,True,0.0,0.0,0.0,1.0,1,0,0,0,0,0,0,0,0,0,0,0,1.0,0.0,0.0
95,0.9009177088737488,11.0,True,0.0,0.0,1.0,1.0,0,0,0,1,0,1,0,0,0,0,0,0,0.0,0.0,1.0
263,0.8650563359260559,1.0,True,0.0,0.0,0.0,1.0,0,0,0,1,0,0,0,1,0,0,0,0,1.0,0.0,0.0
204,0.8652869462966919,0.0,True,0.0,0.0,1.0,1.0,0,0,0,0,0,0,0,0,0,0,1,0,1.0,0.0,0.0
176,0.8931095600128174,14.0,True,0.0,0.0,1.0,1.0,0,0,0,0,0,1,0,0,0,0,1,0,0.0,0.0,1.0
12,0.8426529169082642,10.0,True,0.0,0.0,1.0,1.0,0,1,0,0,0,0,1,0,0,0,0,0,1.0,0.0,0.0
39,0.9080723524093628,4.0,True,1.0,0.0,1.0,0.0,0,0,0,0,0,0,0,0,0,0,1,1,0.0,0.0,1.0
32,0.9151252508163452,10.0,True,0.0,1.0,1.0,0.0,0,0,0,0,0,0,0,0,0,0,1,1,1.0,0.0,0.0
188,0.8649340271949768,5.0,True,0.0,0.0,1.0,1.0,0,0,1,0,0,0,0,0,0,0,0,0,1.0,0.0,0.0
157,0.8897846937179565,8.0,True,0.0,0.0,0.0,1.0,0,0,0,0,1,0,0,0,0,0,0,0,0.0,1.0,0.0
424,0.8515836000442505,0.0,True,0.0,0.0,1.0,1.0,0,0,0,0,0,0,0,0,0,1,1,0,1.0,0.0,0.0
364,0.8595626950263977,0.0,True,0.0,0.0,1.0,1.0,0,0,0,0,0,1,0,0,0,1,0,0,1.0,0.0,0.0
241,0.8395929336547852,19.0,True,0.0,0.0,0.0,1.0,0,0,0,0,0,0,0,0,1,0,0,0,0.0,1.0,0.0
105,0.9161439538002014,13.0,True,1.0,0.0,1.0,1.0,0,0,0,0,0,0,0,1,0,0,1,0,0.0,0.0,1.0
57,0.8240199685096741,8.0,True,0.0,0.0,1.0,0.0,0,0,0,1,0,0,0,0,0,0,0,1,0.0,0.0,1.0
261,0.8988165855407715,19.0,True,0.0,0.0,0.0,1.0,0,0,0,1,0,0,0,1,0,0,0,0,1.0,0.0,0.0
397,0.8670601844787598,8.0,True,0.0,0.0,0.0,1.0,1,0,0,0,1,0,0,0,0,0,0,0,0.0,0.0,1.0
403,0.8683221340179443,1.0,True,0.0,0.0,0.0,1.0,0,0,0,1,0,0,0,0,0,0,0,0,1.0,0.0,0.0
196,0.9105663299560548,14.0,True,0.0,0.0,1.0,1.0,0,0,1,0,0,0,0,0,0,0,0,0,1.0,0.0,0.0
45,0.8982462882995605,13.0,True,0.0,0.0,1.0,0.0,0,0,0,1,0,0,0,0,0,0,0,1,0.0,0.0,1.0
413,0.8251966238021851,2.0,True,0.0,0.0,1.0,1.0,0,0,0,1,0,0,0,0,0,0,0,0,1.0,0.0,0.0
225,0.8843273520469666,13.0,True,0.0,0.0,1.0,1.0,0,0,0,0,0,1,0,0,0,0,0,0,0.0,0.0,1.0
308,0.8905513286590576,5.0,True,0.0,0.0,0.0,1.0,1,0,0,0,0,0,0,0,0,0,0,0,1.0,0.0,0.0
277,0.860033392906189,8.0,True,0.0,0.0,1.0,1.0,0,0,0,1,0,0,0,1,0,0,0,0,0.0,0.0,1.0
440,0.873703122138977,3.0,True,0.0,0.0,1.0,1.0,0,0,0,1,0,0,0,0,0,1,0,0,1.0,0.0,0.0
4,0.8576359748840332,0.0,True,0.0,0.0,1.0,1.0,0,1,0,0,0,0,1,0,0,0,0,0,1.0,0.0,0.0
279,0.8571932315826416,4.0,True,0.0,0.0,1.0,1.0,0,0,0,1,0,0,0,1,0,0,0,0,0.0,0.0,1.0
478,0.8701091408729553,12.0,True,0.0,0.0,1.0,0.0,0,0,0,0,0,1,0,0,0,0,0,1,1.0,0.0,0.0
110,0.8700138330459595,15.0,True,0.0,0.0,1.0,1.0,0,0,0,0,0,0,0,1,0,0,1,0,0.0,0.0,1.0
246,0.9189071655273438,7.0,True,0.0,0.0,1.0,1.0,0,0,0,0,0,0,0,0,1,0,0,0,0.0,1.0,0.0
456,0.9225894808769226,14.0,True,0.0,0.0,1.0,1.0,0,0,0,1,0,0,0,0,0,1,0,0,1.0,0.0,0.0
233,0.8534828424453735,2.0,True,0.0,0.0,1.0,1.0,0,0,0,0,0,1,0,0,0,0,0,0,0.0,0.0,1.0
189,0.8705187439918518,16.0,True,0.0,0.0,1.0,1.0,0,0,1,0,0,0,0,0,0,0,0,0,1.0,0.0,0.0
108,0.914343237876892,5.0,True,0.0,0.0,1.0,1.0,0,0,0,0,0,0,0,1,0,0,1,0,0.0,0.0,1.0
318,0.8363240957260132,12.0,True,0.0,0.0,0.0,1.0,1,0,0,0,0,0,0,0,0,0,0,0,0.0,0.0,1.0
235,0.9151469469070436,11.0,True,0.0,0.0,1.0,1.0,0,0,0,0,0,1,0,0,0,0,0,0,0.0,0.0,1.0
69,0.8666810989379883,16.0,True,0.0,0.0,0.0,1.0,1,0,0,0,1,0,0,0,0,0,0,0,1.0,0.0,0.0
53,0.7852060198783875,2.0,True,0.0,0.0,1.0,0.0,0,0,0,1,0,0,0,0,0,0,0,1,0.0,0.0,1.0
36,0.8809913396835327,14.0,True,0.0,0.0,1.0,0.0,0,0,0,0,0,0,0,0,0,0,1,1,0.0,0.0,1.0
291,0.8973331451416016,17.0,True,0.0,1.0,1.0,1.0,0,0,0,0,0,1,0,1,0,0,0,0,0.0,1.0,0.0
355,0.8766454458236694,11.0,True,0.0,0.0,1.0,1.0,0,0,0,0,0,0,0,1,0,0,0,0,1.0,0.0,0.0
219,0.8983471393585205,4.0,True,1.0,0.0,1.0,1.0,0,0,0,0,0,0,0,0,0,0,1,0,1.0,0.0,0.0
476,0.9050430059432985,14.0,True,0.0,0.0,1.0,0.0,0,0,0,0,0,1,0,0,0,0,0,1,1.0,0.0,0.0
30,0.8964213728904724,15.0,True,0.0,1.0,1.0,0.0,0,0,0,0,0,0,0,0,0,0,1,1,0.0,1.0,0.0
415,0.9028890132904052,11.0,True,0.0,0.0,1.0,1.0,0,0,0,1,0,0,0,0,0,0,0,0,1.0,0.0,0.0
250,0.8841162919998169,15.0,True,0.0,0.0,1.0,1.0,0,0,0,0,0,0,0,0,1,0,0,0,0.0,1.0,0.0
283,0.8759785890579224,1.0,True,0.0,0.0,0.0,1.0,0,0,0,0,0,1,0,1,0,0,0,0,0.0,0.0,1.0
314,0.8628643751144409,9.0,True,0.0,0.0,0.0,1.0,1,0,0,0,0,0,0,0,0,0,0,0,0.0,0.0,1.0
179,0.8964453935623169,4.0,True,1.0,0.0,1.0,1.0,0,0,0,0,0,1,0,0,0,0,1,0,0.0,0.0,1.0
454,0.8658900260925293,9.0,True,0.0,0.0,1.0,1.0,0,0,0,1,0,0,0,0,0,1,0,0,1.0,0.0,0.0
153,0.8385293483734131,2.0,True,0.0,0.0,0.0,1.0,0,0,0,0,1,0,0,0,0,0,0,0,0.0,1.0,0.0
70,0.8241561651229858,15.0,True,0.0,0.0,0.0,1.0,1,0,0,0,1,0,0,0,0,0,0,0,1.0,0.0,0.0
150,0.8744312524795532,15.0,True,0.0,0.0,0.0,1.0,0,0,0,0,1,0,0,0,0,0,0,0,0.0,1.0,0.0
143,0.8810455799102783,1.0,True,0.0,1.0,1.0,1.0,0,0,0,0,1,0,0,0,0,0,0,0,1.0,0.0,0.0
506,0.8754976391792297,7.0,True,0.0,0.0,1.0,1.0,0,0,0,0,0,0,1,0,0,0,0,0,1.0,0.0,0.0
8,0.8705364465713501,5.0,True,0.0,0.0,1.0,1.0,0,1,0,0,0,0,1,0,0,0,0,0,1.0,0.0,0.0
354,0.8497061729431152,9.0,True,0.0,0.0,1.0,1.0,0,0,0,0,0,0,0,1,0,0,0,0,1.0,0.0,0.0
494,0.8376021385192871,9.0,True,0.0,0.0,1.0,1.0,0,0,0,0,0,0,0,1,0,1,0,0,1.0,0.0,0.0
72,0.7845054268836975,10.0,True,0.0,0.0,0.0,1.0,1,0,0,0,1,0,0,0,0,0,0,0,1.0,0.0,0.0
326,0.9080328941345216,7.0,True,0.0,1.0,0.0,1.0,0,0,0,0,0,0,0,0,0,0,0,1,0.0,0.0,1.0
16,0.8865650296211243,14.0,True,0.0,1.0,1.0,1.0,0,1,0,0,0,0,1,0,0,0,0,0,1.0,0.0,0.0
173,0.8040910959243774,2.0,True,0.0,0.0,1.0,1.0,0,0,0,0,0,1,0,0,0,0,1,0,0.0,0.0,1.0
44,0.8926064372062683,0.0,True,0.0,0.0,1.0,0.0,0,0,0,1,0,0,0,0,0,0,0,1,0.0,0.0,1.0
412,0.8795280456542969,10.0,True,0.0,0.0,1.0,1.0,0,0,0,1,0,0,0,0,0,0,0,0,1.0,0.0,0.0
488,0.949670672416687,5.0,True,0.0,1.0,1.0,1.0,0,0,0,0,0,0,0,1,0,1,0,0,1.0,0.0,0.0
429,0.9254023432731628,16.0,True,0.0,1.0,1.0,1.0,0,0,0,0,0,0,0,0,0,1,1,0,1.0,0.0,0.0
236,0.9015427827835084,14.0,True,0.0,0.0,1.0,1.0,0,0,0,0,0,1,0,0,0,0,0,0,0.0,1.0,0.0
305,0.887708306312561,13.0,True,0.0,1.0,0.0,1.0,1,0,0,0,0,0,0,0,0,0,0,0,1.0,0.0,0.0
462,0.8897262811660767,6.0,True,0.0,0.0,1.0,0.0,0,0,0,0,0,1,0,0,0,0,0,1,1.0,0.0,0.0
458,0.872348427772522,12.0,True,0.0,0.0,1.0,1.0,0,0,0,1,0,0,0,0,0,1,0,0,1.0,0.0,0.0
365,0.9081894755363464,13.0,True,0.0,0.0,1.0,1.0,0,0,0,0,0,1,0,0,0,1,0,0,1.0,0.0,0.0
257,0.8760399222373962,8.0,True,0.0,0.0,1.0,1.0,0,0,0,0,0,0,0,0,1,0,0,0,1.0,0.0,0.0
227,0.9052546620368958,18.0,True,0.0,1.0,0.0,1.0,0,0,0,0,0,1,0,0,0,0,0,0,0.0,0.0,1.0
232,0.8701531887054443,10.0,True,0.0,0.0,1.0,1.0,0,0,0,0,0,1,0,0,0,0,0,0,0.0,0.0,1.0
321,0.879725456237793,19.0,True,0.0,0.0,1.0,1.0,0,0,0,0,0,0,0,0,0,0,0,1,0.0,0.0,1.0
486,0.8892738819122314,7.0,True,0.0,1.0,1.0,1.0,0,0,0,0,0,0,0,1,0,1,0,0,1.0,0.0,0.0
274,0.8621564507484436,9.0,True,0.0,0.0,1.0,1.0,0,0,0,1,0,0,0,1,0,0,0,0,1.0,0.0,0.0
519,0.8735061287879944,4.0,True,0.0,0.0,1.0,1.0,0,0,0,0,0,0,1,0,0,0,0,0,1.0,0.0,0.0
487,0.9067692756652832,18.0,True,0.0,1.0,0.0,1.0,0,0,0,0,0,0,0,1,0,1,0,0,1.0,0.0,0.0
330,0.9094750881195068,15.0,True,0.0,1.0,0.0,1.0,0,0,0,0,0,0,0,0,0,0,0,1,0.0,1.0,0.0
380,0.91347336769104,3.0,True,0.0,0.0,0.0,1.0,1,0,0,0,1,0,0,0,0,0,0,0,1.0,0.0,0.0
294,0.8887603878974915,9.0,True,0.0,0.0,1.0,1.0,0,0,0,0,0,1,0,1,0,0,0,0,1.0,0.0,0.0
220,0.8781441450119019,3.0,True,0.0,0.0,1.0,1.0,0,0,0,0,0,1,0,0,0,0,0,0,0.0,0.0,1.0
178,0.8659886121749878,12.0,True,0.0,0.0,1.0,1.0,0,0,0,0,0,1,0,0,0,0,1,0,0.0,0.0,1.0
49,0.921144962310791,16.0,True,0.0,1.0,1.0,0.0,0,0,0,1,0,0,0,0,0,0,0,1,0.0,0.0,1.0
237,0.8845394849777222,8.0,True,0.0,0.0,1.0,1.0,0,0,0,0,0,1,0,0,0,0,0,0,0.0,1.0,0.0
436,0.906948447227478,14.0,True,0.0,0.0,1.0,1.0,0,0,0,0,0,0,0,0,0,1,1,0,1.0,0.0,0.0
208,0.8721073269844055,5.0,True,0.0,0.0,1.0,1.0,0,0,0,0,0,0,0,0,0,0,1,0,1.0,0.0,0.0
336,0.9010288715362548,14.0,True,0.0,0.0,0.0,1.0,0,0,0,0,0,0,0,0,0,0,0,1,0.0,0.0,1.0
282,0.879069447517395,6.0,True,0.0,0.0,0.0,1.0,0,0,0,0,0,1,0,1,0,0,0,0,0.0,0.0,1.0
117,0.9227583408355712,8.0,True,1.0,0.0,1.0,1.0,0,0,0,0,0,0,0,1,0,0,1,0,0.0,0.0,1.0
59,0.8276504874229431,4.0,True,0.0,0.0,1.0,0.0,0,0,0,1,0,0,0,0,0,0,0,1,0.0,0.0,1.0
422,0.8958225250244141,6.0,True,0.0,0.0,0.0,1.0,0,0,0,0,0,0,0,0,0,1,1,0,1.0,0.0,0.0
1,0.8716102838516235,19.0,True,0.0,0.0,0.0,1.0,0,1,0,0,0,0,1,0,0,0,0,0,1.0,0.0,0.0
471,0.8902708888053894,17.0,True,0.0,0.0,1.0,0.0,0,0,0,0,0,1,0,0,0,0,0,1,1.0,0.0,0.0
512,0.8604715466499329,10.0,True,0.0,0.0,1.0,1.0,0,0,0,0,0,0,1,0,0,0,0,0,1.0,0.0,0.0
55,0.880516767501831,11.0,True,0.0,0.0,1.0,0.0,0,0,0,1,0,0,0,0,0,0,0,1,0.0,0.0,1.0
90,0.9324052333831788,15.0,True,0.0,1.0,1.0,1.0,0,0,0,1,0,1,0,0,0,0,0,0,0.0,0.0,1.0
224,0.852043867111206,0.0,True,0.0,0.0,1.0,1.0,0,0,0,0,0,1,0,0,0,0,0,0,0.0,0.0,1.0
38,0.897390604019165,12.0,True,0.0,0.0,1.0,0.0,0,0,0,0,0,0,0,0,0,0,1,1,0.0,0.0,1.0
287,0.8907846212387085,18.0,True,0.0,1.0,0.0,1.0,0,0,0,0,0,1,0,1,0,0,0,0,0.0,0.0,1.0
398,0.8896768093109131,12.0,True,0.0,0.0,0.0,1.0,1,0,0,0,1,0,0,0,0,0,0,0,0.0,0.0,1.0
101,0.8469785451889038,19.0,True,0.0,0.0,0.0,1.0,0,0,0,0,0,0,0,1,0,0,1,0,0.0,0.0,1.0
368,0.9572629928588868,5.0,True,0.0,1.0,1.0,1.0,0,0,0,0,0,1,0,0,0,1,0,0,1.0,0.0,0.0
503,0.8557883501052856,1.0,True,0.0,0.0,0.0,1.0,0,0,0,0,0,0,1,0,0,0,0,0,1.0,0.0,0.0
58,0.8428994417190552,12.0,True,0.0,0.0,1.0,0.0,0,0,0,1,0,0,0,0,0,0,0,1,0.0,0.0,1.0
375,0.9333889484405518,11.0,True,0.0,0.0,1.0,1.0,0,0,0,0,0,1,0,0,0,1,0,0,1.0,0.0,0.0
288,0.9217132329940796,5.0,True,0.0,1.0,1.0,1.0,0,0,0,0,0,1,0,1,0,0,0,0,0.0,0.0,1.0
262,0.8958467245101929,6.0,True,0.0,0.0,0.0,1.0,0,0,0,1,0,0,0,1,0,0,0,0,1.0,0.0,0.0
15,0.912419319152832,11.0,True,0.0,1.0,1.0,1.0,0,1,0,0,0,0,1,0,0,0,0,0,1.0,0.0,0.0
342,0.8771301507949829,6.0,True,0.0,0.0,0.0,1.0,0,0,0,0,0,0,0,1,0,0,0,0,0.0,0.0,1.0
98,0.8636174201965332,12.0,True,0.0,0.0,1.0,1.0,0,0,0,1,0,1,0,0,0,0,0,0,0.0,1.0,0.0
420,0.9337795972824096,3.0,True,1.0,0.0,1.0,1.0,0,0,0,0,0,0,0,0,0,1,1,0,1.0,0.0,0.0
298,0.885346531867981,12.0,True,1.0,0.0,1.0,1.0,0,0,0,0,0,1,0,1,0,0,0,0,1.0,0.0,0.0
184,0.8445027470588684,0.0,True,0.0,0.0,1.0,1.0,0,0,1,0,0,0,0,0,0,0,0,0,1.0,0.0,0.0
356,0.9376083016395568,14.0,True,1.0,0.0,1.0,1.0,0,0,0,0,0,0,0,1,0,0,0,0,1.0,0.0,0.0
524,0.8515939116477966,0.0,True,0.0,0.0,1.0,1.0,0,0,1,0,0,0,0,0,0,0,1,0,1.0,0.0,0.0
149,0.8785845637321472,16.0,True,0.0,0.0,0.0,1.0,0,0,0,0,1,0,0,0,0,0,0,0,0.0,0.0,1.0
333,0.8220062255859375,2.0,True,0.0,0.0,0.0,1.0,0,0,0,0,0,0,0,0,0,0,0,1,0.0,0.0,1.0
510,0.8497041463851929,15.0,True,0.0,0.0,1.0,1.0,0,0,0,0,0,0,1,0,0,0,0,0,1.0,0.0,0.0
346,0.8854814767837524,7.0,True,0.0,0.0,1.0,1.0,0,0,0,0,0,0,0,1,0,0,0,0,0.0,0.0,1.0
264,0.8436157703399658,0.0,True,0.0,0.0,1.0,1.0,0,0,0,1,0,0,0,1,0,0,0,0,1.0,0.0,0.0
60,0.949267566204071,3.0,True,0.0,0.0,0.0,1.0,1,0,0,0,1,0,0,0,0,0,0,0,0.0,0.0,1.0
395,0.8947910666465759,11.0,True,0.0,0.0,0.0,1.0,1,0,0,0,1,0,0,0,0,0,0,0,0.0,0.0,1.0
56,0.9092862010002136,14.0,True,0.0,0.0,1.0,0.0,0,0,0,1,0,0,0,0,0,0,0,1,0.0,0.0,1.0
192,0.8577040433883667,10.0,True,0.0,0.0,1.0,1.0,0,0,1,0,0,0,0,0,0,0,0,0,1.0,0.0,0.0
484,0.8606590628623962,0.0,True,0.0,0.0,1.0,1.0,0,0,0,0,0,0,0,1,0,1,0,0,1.0,0.0,0.0
207,0.8960999250411987,18.0,True,0.0,0.0,0.0,1.0,0,0,0,0,0,0,0,0,0,0,1,0,1.0,0.0,0.0
528,0.8909142017364502,5.0,True,0.0,0.0,1.0,1.0,0,0,1,0,0,0,0,0,0,0,1,0,1.0,0.0,0.0
205,0.9199073314666748,13.0,True,1.0,0.0,1.0,1.0,0,0,0,0,0,0,0,0,0,0,1,0,1.0,0.0,0.0
187,0.8409620523452759,18.0,True,0.0,0.0,0.0,1.0,0,0,1,0,0,0,0,0,0,0,0,0,1.0,0.0,0.0
66,0.8899070024490356,7.0,True,0.0,0.0,0.0,1.0,1,0,0,0,1,0,0,0,0,0,0,0,0.0,0.0,1.0
54,0.8749163150787354,9.0,True,0.0,0.0,1.0,0.0,0,0,0,1,0,0,0,0,0,0,0,1,0.0,0.0,1.0
374,0.8478301763534546,9.0,True,0.0,0.0,1.0,1.0,0,0,0,0,0,1,0,0,0,1,0,0,1.0,0.0,0.0
255,0.8985748291015625,11.0,True,0.0,1.0,1.0,1.0,0,0,0,0,0,0,0,0,1,0,0,0,0.0,1.0,0.0
275,0.8807395696640015,11.0,True,0.0,0.0,1.0,1.0,0,0,0,1,0,0,0,1,0,0,0,0,0.0,0.0,1.0
23,0.9533790946006776,1.0,True,1.0,0.0,1.0,0.0,0,0,0,0,0,0,0,0,0,0,1,1,0.0,0.0,1.0
340,0.884406566619873,3.0,True,0.0,0.0,1.0,1.0,0,0,0,0,0,0,0,1,0,0,0,0,0.0,0.0,1.0
177,0.9062012434005736,8.0,True,1.0,0.0,1.0,1.0,0,0,0,0,0,1,0,0,0,0,1,0,0.0,0.0,1.0
301,0.8024531602859497,19.0,True,0.0,0.0,1.0,1.0,1,0,0,0,0,0,0,0,0,0,0,0,1.0,0.0,0.0
482,0.8879647254943848,6.0,True,0.0,0.0,0.0,1.0,0,0,0,0,0,0,0,1,0,1,0,0,1.0,0.0,0.0
209,0.8664736747741699,16.0,True,0.0,0.0,1.0,1.0,0,0,0,0,0,0,0,0,0,0,1,0,1.0,0.0,0.0
418,0.8662346601486206,12.0,True,0.0,0.0,1.0,1.0,0,0,0,1,0,0,0,0,0,0,0,0,1.0,0.0,0.0
319,0.8244220018386841,4.0,True,0.0,0.0,0.0,1.0,1,0,0,0,0,0,0,0,0,0,0,0,0.0,0.0,1.0
449,0.923194944858551,16.0,True,0.0,1.0,1.0,1.0,0,0,0,1,0,0,0,0,0,1,0,0,0.0,0.0,1.0
373,0.8302698135375977,2.0,True,0.0,0.0,1.0,1.0,0,0,0,0,0,1,0,0,0,1,0,0,1.0,0.0,0.0
280,0.895574152469635,3.0,True,0.0,0.0,1.0,1.0,0,0,0,0,0,1,0,1,0,0,0,0,0.0,0.0,1.0
335,0.8889510631561279,11.0,True,0.0,0.0,0.0,1.0,0,0,0,0,0,0,0,0,0,0,0,1,0.0,0.0,1.0
164,0.8080177903175354,0.0,True,0.0,0.0,1.0,1.0,0,0,0,0,0,1,0,0,0,0,1,0,0.0,0.0,1.0
145,0.8883535265922546,13.0,True,0.0,1.0,0.0,1.0,0,0,0,0,1,0,0,0,0,0,0,0,0.0,0.0,1.0
167,0.8954830765724182,18.0,True,0.0,1.0,0.0,1.0,0,0,0,0,0,1,0,0,0,0,1,0,0.0,0.0,1.0
391,0.8960644006729126,17.0,True,0.0,0.0,0.0,1.0,1,0,0,0,1,0,0,0,0,0,0,0,0.0,0.0,1.0
109,0.9117329120635986,16.0,True,0.0,0.0,1.0,1.0,0,0,0,0,0,0,0,1,0,0,1,0,0.0,0.0,1.0
404,0.8554469347000122,0.0,True,0.0,0.0,1.0,1.0,0,0,0,1,0,0,0,0,0,0,0,0,1.0,0.0,0.0
97,0.8790318369865417,8.0,True,0.0,0.0,1.0,1.0,0,0,0,1,0,1,0,0,0,0,0,0,0.0,0.0,1.0
499,0.8632845878601074,4.0,True,0.0,0.0,1.0,1.0,0,0,0,0,0,0,0,1,0,1,0,0,1.0,0.0,0.0
358,0.8689402341842651,12.0,True,1.0,0.0,1.0,1.0,0,0,0,0,0,0,0,1,0,0,0,0,1.0,0.0,0.0
234,0.8586268424987793,9.0,True,0.0,0.0,1.0,1.0,0,0,0,0,0,1,0,0,0,0,0,0,0.0,0.0,1.0
507,0.8621500134468079,18.0,True,0.0,0.0,0.0,1.0,0,0,0,0,0,0,1,0,0,0,0,0,1.0,0.0,0.0
135,0.8657673001289368,11.0,True,0.0,0.0,1.0,1.0,0,0,0,1,0,0,0,0,0,0,1,0,1.0,0.0,0.0
532,0.8858878016471863,10.0,True,0.0,1.0,1.0,1.0,0,0,1,0,0,0,0,0,0,0,1,0,1.0,0.0,0.0
22,0.8530698418617249,6.0,True,0.0,0.0,1.0,0.0,0,0,0,0,0,0,0,0,0,0,1,1,0.0,0.0,1.0
206,0.8600282669067383,7.0,True,0.0,0.0,1.0,1.0,0,0,0,0,0,0,0,0,0,0,1,0,1.0,0.0,0.0
79,0.8749634027481079,4.0,True,0.0,0.0,0.0,1.0,1,0,0,0,1,0,0,0,0,0,0,0,1.0,0.0,0.0
118,0.8908838629722595,12.0,True,1.0,0.0,1.0,1.0,0,0,0,0,0,0,0,1,0,0,1,0,0.0,0.0,1.0
295,0.8816851377487183,11.0,True,0.0,0.0,1.0,1.0,0,0,0,0,0,1,0,1,0,0,0,0,1.0,0.0,0.0
378,0.7395911812782288,12.0,True,0.0,0.0,1.0,1.0,0,0,0,0,0,1,0,0,0,1,0,0,1.0,0.0,0.0
474,0.8619392514228821,9.0,True,0.0,0.0,1.0,0.0,0,0,0,0,0,1,0,0,0,0,0,1,1.0,0.0,0.0
114,0.8430196046829224,9.0,True,0.0,0.0,1.0,1.0,0,0,0,0,0,0,0,1,0,0,1,0,0.0,0.0,1.0
